FacultyId,LastName,FirstName,Age
0,fdozxkjdou,cuasyimnoa,49
1,rpgxagvexj,vkzbebptrw,46
2,ejibgechky,rzxeukiwkw,45
3,gbkgjkewtg,dekexbnopk,38
4,neosayiqve,jprdumqaoa,56
5,etzrnafows,mnjztuhsae,62
6,qlwvighffh,bftsapbfxi,69
7,gfzonhvaik,vmkbkckdlo,42
8,dxjcxdoybb,zoeusfdfnf,47
9,eldumexqsb,kfaeocujgr,52
10,thfnuzcjcu,ioksrbrkxr,63
11,vumngdntdj,hofhmodbjs,55
12,wgthubgmvx,wodrnzqzgw,56
13,xgnflninio,ljjuuttups,39
14,dxblnvjlbn,mryufouvaj,32
15,rwxslpyieo,erfecaaods,64
16,gcsdryeqfn,jeyfgjlwtw,34
17,kaerofmspc,bzbdmxbdlp,61
18,urklrewmzr,xeblwybpsp,56
19,ehtgxoabyk,vlfvahfmgr,49
20,wdqclkvbep,vhbqayyfvg,65
21,dkdhutbkmj,thmnjccffo,68
22,fdwhqvzapc,rldxymxykq,57
23,llnypdswjt,vfwgdazdlh,43
24,tviayyslid,hfuddcvnfz,50
25,rwvaisomzu,duvxgexuai,65
26,wlmbhheeox,rotmupiksj,43
27,pvfaebvjuk,prtcyukyxn,56
28,drtotcpyzr,jlmtaultet,60
29,mkxmmlhgfr,xchjqcyyfh,33
30,jvoacxrgvj,ieuokaezxi,37
31,btrrgicuxy,jsiyplypic,34
32,psijzfcjyp,vfnqramrpm,43
33,ozfgxqiocb,dbizmtrkir,53
34,qnyzkrkngm,lzuusorrlu,61
35,jppkdpstaw,pehdcywrlr,43
36,lgoupgfldl,cnrtdwgksl,37
37,jpwniutvvf,kdxqjbccly,61
38,hjfnsgbiiu,djljcdcgns,35
39,grcrsmkgls,quozcpwfqn,31
40,amdrbcsnyy,gkufabwzda,66
41,imwdiohyvz,bpatspnxnh,70
42,krfrbcpllw,ibdgczyugi,48
43,uyfdnlkxrq,fvbwruxeir,33
44,ryasypmffp,eajukhharl,61
45,xogzcalgkp,erojlomvon,63
46,krhfbquhpw,lzrmeexans,36
47,nfwuqvsgxj,ckgggcddkx,48
48,zxtbryzslo,uboihnuprv,25
49,nckhezyqxv,drxbmrlipw,51
50,oiyiyftdfq,ashtlvsfpm,40
51,luusfyfhcn,tmroqknoaj,32
52,zpdtjqzrwd,rtxzqaxlta,58
53,evekdtodwj,bcljgbpple,43
54,hturmvgwof,ryyslnyvlq,63
55,ynudxaxlhw,qcutzczfxk,31
56,ulppjkckwp,qjsrrxfbpz,29
57,nvarerkuee,lznkamriuu,67
58,iadhlwiocz,jrbfrlttam,25
59,ahmdisppme,caiijlbwyv,66
60,jaxfaywsqn,ytjbkzdwpl,64
61,eeoetfuiaj,okzqicvdaq,48
62,ccqpowtxiu,igsxjugbwk,70
63,uhguflvtos,pyzteaomxo,67
64,deiwkvocjh,xbelxlnybi,64
65,izhcauqpfu,cuurmlswsl,28
66,zxkmigesow,myjqyjrrgt,46
67,andfxluopm,apasetwjab,63
68,hivhxpspcu,ewnkebjvjt,62
69,ctezpnorgs,chgnzhzyhy,44
70,qfynedqtac,svjczqjwkv,64
71,tpyfdxdvtf,rncqfnxmqb,50
72,etrzeminrx,uqjfkwegnz,57
73,zzbywspdlz,jhitqpljhq,55
74,uyrolllnud,ishlmxnrxq,57
75,aujoufwtru,xaqittbqug,37
76,kvzoywyywt,ibyhzoueiq,48
77,kwdveuikiy,apdttursxc,66
78,vlpiajiprq,rokonedolz,42
79,qrmnomlgki,nrayaxtjxj,61
80,gtxakyoexc,ulwjtybucj,48
81,cczitwtltf,jondfgvttk,46
82,irjwbrlime,jwqnfagxsf,56
83,uzcmqaxhww,abtbxnaffm,44
84,ldeetceenb,wpfrqcwydm,59
85,sjsgdiqvcf,fbyzyeylij,38
86,vcxwmxojsz,xnmssynttj,68
87,jcdigdsfro,qocmixhndy,46
88,cgsfkaatxf,goralqwpah,26
89,lftecwqdnq,tynbqxksri,57
90,iknyjpxhhx,gcvglyqmmn,69
91,llqzngxwpt,fhfxowbkug,69
92,tykikbtjrb,rfrbwirsgx,44
93,ceyqcyxbun,nsmzogtlqy,47
94,uqomsfbbvl,mwcgkezkrc,35
95,pkxtbdhjlb,fsawxtjzwq,56
96,vpudyblidb,vomivsxnny,27
97,nkvhzqdpae,lgovhphjmx,68
98,zkedekxyfz,vfyfoiavjz,68
99,zcarrzgdsd,lkgsyhrmge,57
100,sglftwjuyp,umarfrybfo,46
101,ruujfahhgz,ovmnsoyszd,47
102,siepgwqqsm,ibfmepeniz,37
103,roprpjdcdh,drgzqbfqks,42
104,wskltgdfxf,uljtnetxnv,55
105,rkirgspxvj,mhsxzlfhyz,59
106,virwhukhxs,cvgzqipwtt,38
107,orlebwpakm,cjlebsfybd,29
108,pzpelvvgjd,wmvivwtuxz,53
109,xrswppvzqf,wyckaklucs,58
110,zubxqdevum,mjogfqfant,47
111,vmevcofpat,msxjsoklqr,28
112,qpdtetwpku,nkhiedcrvo,26
113,astcljjydm,qsbytjjgqf,25
114,oirzmcyqmc,xplaivobrq,31
115,swpdkuymrn,lrfzcrpatk,64
116,aqnekxnkwl,wofzvvgnoa,67
117,firiykimeh,muutsodbsc,33
118,jzfamoqxoh,hhtbreldqv,35
119,swxtqxrrou,gvxejqxeuh,58
120,hdlyrusezj,qcidvitrfo,42
121,rqubiajqin,mhfmiismtw,60
122,lhjvxrkoee,ytumdeyqho,70
123,qaoddjnuuf,asqwkekfqi,32
124,zmbvpdcuie,pgnpbnqfmk,46
125,gwllrhahph,ekaakhrdcz,43
126,zcjkymwopd,pbglwnnpld,68
127,oitdgigqsd,ryjcnihyrf,34
128,dckjjflghp,lrazrrwesg,54
129,yduvdhfuks,owlqjivnks,51
130,zrkdefnbbe,saugehgmpp,64
131,apggmcibsa,eovnbrqmrt,38
132,cuvmsmhyoo,mvbwjsupep,32
133,druygoxqdq,pxhrvmbtjg,31
134,ojblxkyrty,ytuhvpdneu,31
135,ncvcwxccrw,igowfevvma,37
136,erupoqbtoy,cwsjzdakik,38
137,ifbpevgpdp,pwhgqsiutd,36
138,gozbczevjv,trzuhddjld,40
139,owbqsqckbs,vjizmpnlnp,46
140,fbdrjvipao,lqwvtnhwjc,25
141,tguvbpqppc,bpurxekztv,43
142,ejkbrsskca,ilwgrnpdro,37
143,blbelmvety,fbtrxpsgxj,40
144,ljqijcbqzr,yourpjnjju,35
145,nmouxjidhq,mmzyueqnef,50
146,ppogtggglh,grxkmpyyny,59
147,icxsucgrjn,wuvixpibwq,49
148,twzulzufcr,uazfcexrvg,27
149,yhuathonxk,erfcbtcrno,31
